07/02/2025 10:02:53:755,Began,637.5,455.5,0.00,1.00,0.00
07/02/2025 10:02:53:755,Began,637.50,455.50,0.00,1.00,0.00
07/02/2025 10:02:53:803,Moved,627.5,330.5,0.00,1.00,0.00
07/02/2025 10:02:53:827,Moved,623.75,265.5,0.00,1.00,0.00
07/02/2025 10:02:53:843,Moved,622.5,229.25,0.00,1.00,0.00
07/02/2025 10:02:53:856,Moved,620,155.5,0.00,1.00,0.00
07/02/2025 10:02:53:868,Moved,618.75,119.25,0.00,1.00,0.00
07/02/2025 10:02:53:883,Moved,618.75,81.75002,0.00,1.00,0.00
07/02/2025 10:02:53:914,Ended,618.75,45.50002,0.00,1.00,0.00
07/02/2025 10:02:53:914,Ended,618.75,45.50,0.00,1.00,0.00
07/02/2025 10:02:54:395,Moved,618.75,45.50,0.00,1.00,3.20
07/02/2025 10:02:54:912,Began,688.75,606.75,0.00,1.00,3.20
07/02/2025 10:02:54:912,Began,688.75,606.75,0.00,1.00,3.20
07/02/2025 10:02:54:925,Moved,691.25,600.5,0.00,1.00,3.20
07/02/2025 10:02:54:939,Moved,692.5,594.25,0.00,1.00,3.20
07/02/2025 10:02:54:960,Moved,692.5,570.5,0.00,1.00,3.20
07/02/2025 10:02:54:974,Moved,692.5,554.25,0.00,1.00,3.20
07/02/2025 10:02:54:992,Moved,690,514.25,0.00,1.00,3.20
07/02/2025 10:02:55:008,Moved,687.5,489.25,0.00,1.00,3.20
07/02/2025 10:02:55:026,Moved,683.75,430.5,0.00,1.00,3.20
07/02/2025 10:02:55:038,Moved,680,364.25,0.00,1.00,3.20
07/02/2025 10:02:55:057,Moved,673.75,294.25,0.00,1.00,3.20
07/02/2025 10:02:55:068,Moved,672.5,261.75,0.00,1.00,3.20
07/02/2025 10:02:55:084,Moved,668.75,229.25,0.00,1.00,3.20
07/02/2025 10:02:55:098,Moved,666.25,170.5,0.00,1.00,3.20
07/02/2025 10:02:55:113,Moved,665,141.75,0.00,1.00,3.20
07/02/2025 10:02:55:129,Moved,665,81.75002,0.00,1.00,3.20
07/02/2025 10:02:55:138,Moved,667.5,51.75002,0.00,1.00,3.20
07/02/2025 10:02:55:155,Moved,671.25,20.50002,0.00,1.00,3.20
07/02/2025 10:02:55:167,Ended,671.25,20.50002,0.00,1.00,3.20
07/02/2025 10:02:55:167,Ended,671.25,20.50,0.00,1.00,3.20
07/02/2025 10:02:55:665,Began,582.5,648,0.00,1.00,7.67
07/02/2025 10:02:55:665,Began,582.50,648.00,0.00,1.00,7.67
07/02/2025 10:02:55:680,Moved,582.5,648,0.00,1.00,7.78
07/02/2025 10:02:55:680,Moved,671.25,20.50,0.00,1.00,7.78
07/02/2025 10:02:55:695,Stationary,582.5,648,0.00,1.00,7.78
07/02/2025 10:02:55:708,Moved,581.25,646.75,0.00,1.00,7.78
07/02/2025 10:02:55:729,Moved,577.5,630.5,0.00,1.00,7.78
07/02/2025 10:02:55:740,Moved,573.75,614.25,0.00,1.00,7.78
07/02/2025 10:02:55:756,Moved,567.5,569.25,0.00,1.00,7.78
07/02/2025 10:02:55:768,Moved,565,543,0.00,1.00,7.78
07/02/2025 10:02:55:786,Moved,560,483,0.00,1.00,7.78
07/02/2025 10:02:55:798,Moved,557.5,451.75,0.00,1.00,7.78
07/02/2025 10:02:55:814,Moved,552.5,389.25,0.00,1.00,7.78
07/02/2025 10:02:55:825,Moved,548.75,359.25,0.00,1.00,7.78
07/02/2025 10:02:55:839,Moved,546.25,329.25,0.00,1.00,7.78
07/02/2025 10:02:55:856,Moved,540,274.25,0.00,1.00,7.78
07/02/2025 10:02:55:866,Moved,537.5,245.5,0.00,1.00,7.78
07/02/2025 10:02:55:888,Moved,531.25,170.5,0.00,1.00,7.78
07/02/2025 10:02:55:896,Stationary,531.25,170.5,0.00,1.00,7.78
07/02/2025 10:02:55:918,Moved,530,128,0.00,1.00,7.78
07/02/2025 10:02:55:935,Moved,531.25,108,0.00,1.00,7.78
07/02/2025 10:02:55:954,Moved,532.5,59.25002,0.00,1.00,7.78
07/02/2025 10:02:55:968,Moved,532.5,48.00002,0.00,1.00,7.78
07/02/2025 10:02:55:984,Ended,532.5,48.00002,0.00,1.00,7.78
07/02/2025 10:02:55:984,Ended,532.50,48.00,0.00,1.00,7.78
07/02/2025 10:02:56:322,Began,543.75,610.5,0.00,1.00,10.87
07/02/2025 10:02:56:322,Began,543.75,610.50,0.00,1.00,10.87
07/02/2025 10:02:56:336,Moved,542.5,604.25,0.00,1.00,10.97
07/02/2025 10:02:56:352,Moved,542.5,594.25,0.00,1.00,11.10
07/02/2025 10:02:56:372,Moved,537.5,555.5,0.00,1.00,11.26
07/02/2025 10:02:56:382,Moved,536.25,533,0.00,1.00,11.40
07/02/2025 10:02:56:407,Moved,532.5,454.25,0.00,1.00,11.59
07/02/2025 10:02:56:414,Stationary,532.5,454.25,0.00,1.00,11.69
07/02/2025 10:02:56:439,Moved,532.5,359.25,0.00,1.00,11.91
07/02/2025 10:02:56:451,Moved,532.5,324.25,0.00,1.00,11.98
07/02/2025 10:02:56:472,Moved,533.75,259.25,0.00,1.00,12.22
07/02/2025 10:02:56:488,Moved,533.75,195.5,0.00,1.00,12.33
07/02/2025 10:02:56:488,Moved,532.50,48.00,0.00,1.00,12.48
07/02/2025 10:02:56:510,Moved,532.5,134.25,0.00,1.00,12.48
07/02/2025 10:02:56:526,Moved,532.5,105.5,0.00,1.00,12.48
07/02/2025 10:02:56:541,Moved,536.25,51.75002,0.00,1.00,12.48
07/02/2025 10:02:56:555,Moved,537.5,25.50002,0.00,1.00,12.48
07/02/2025 10:02:56:573,Moved,542.5,-19.49998,0.00,1.00,12.48
07/02/2025 10:02:56:590,Ended,543.75,-40.74998,0.00,1.00,12.48
07/02/2025 10:02:56:590,Ended,543.75,-40.75,0.00,1.00,12.48
07/02/2025 10:02:57:093,Moved,543.75,-40.75,0.00,1.00,17.57
07/02/2025 10:02:57:519,Began,553.75,564.25,0.00,1.00,17.57
07/02/2025 10:02:57:519,Began,553.75,564.25,0.00,1.00,17.57
07/02/2025 10:02:57:541,Moved,542.5,430.5,0.00,1.00,17.57
07/02/2025 10:02:57:555,Moved,540,399.25,0.00,1.00,17.57
07/02/2025 10:02:57:574,Moved,535,330.5,0.00,1.00,17.57
07/02/2025 10:02:57:591,Moved,531.25,256.75,0.00,1.00,17.57
07/02/2025 10:02:57:603,Moved,528.75,219.25,0.00,1.00,17.57
07/02/2025 10:02:57:621,Moved,527.5,143,0.00,1.00,17.57
07/02/2025 10:02:57:634,Moved,526.25,105.5,0.00,1.00,17.57
07/02/2025 10:02:57:654,Ended,525,71.75002,0.00,1.00,17.57
07/02/2025 10:02:57:654,Ended,525.00,71.75,0.00,1.00,17.57
07/02/2025 10:02:58:145,Moved,525.00,71.75,0.00,1.00,21.42
07/02/2025 10:02:58:223,Began,592.5,654.25,0.00,1.00,21.42
07/02/2025 10:02:58:223,Began,592.50,654.25,0.00,1.00,21.42
07/02/2025 10:02:58:238,Moved,592.5,654.25,0.00,1.00,21.42
07/02/2025 10:02:58:251,Stationary,592.5,654.25,0.00,1.00,21.42
07/02/2025 10:02:58:264,Moved,592.5,649.25,0.00,1.00,21.42
07/02/2025 10:02:58:276,Moved,592.5,640.5,0.00,1.00,21.42
07/02/2025 10:02:58:296,Moved,592.5,610.5,0.00,1.00,21.42
07/02/2025 10:02:58:305,Moved,591.25,590.5,0.00,1.00,21.42
07/02/2025 10:02:58:323,Moved,591.25,569.25,0.00,1.00,21.42
07/02/2025 10:02:58:336,Moved,588.75,516.75,0.00,1.00,21.42
07/02/2025 10:02:58:352,Moved,587.5,489.25,0.00,1.00,21.42
07/02/2025 10:02:58:379,Moved,580,394.25,0.00,1.00,21.42
07/02/2025 10:02:58:390,Moved,577.5,361.75,0.00,1.00,21.42
07/02/2025 10:02:58:406,Moved,567.5,296.75,0.00,1.00,21.42
07/02/2025 10:02:58:421,Moved,563.75,265.5,0.00,1.00,21.42
07/02/2025 10:02:58:433,Moved,557.5,204.25,0.00,1.00,21.42
07/02/2025 10:02:58:446,Moved,556.25,175.5,0.00,1.00,21.42
07/02/2025 10:02:58:462,Moved,555,148,0.00,1.00,21.42
07/02/2025 10:02:58:478,Moved,553.75,96.75002,0.00,1.00,21.42
07/02/2025 10:02:58:490,Moved,552.5,73.00002,0.00,1.00,21.42
07/02/2025 10:02:58:508,Moved,553.75,29.25002,0.00,1.00,21.42
07/02/2025 10:02:58:527,Moved,555,-14.49998,0.00,1.00,21.42
07/02/2025 10:02:58:547,Ended,557.5,-35.74998,0.00,1.00,21.42
07/02/2025 10:02:58:547,Ended,557.50,-35.75,0.00,1.00,21.42
07/02/2025 10:02:59:050,Moved,557.50,-35.75,0.00,1.00,26.82
07/02/2025 10:02:59:601,Began,578.75,699.25,0.00,1.00,26.82
07/02/2025 10:02:59:601,Began,578.75,699.25,0.00,1.00,26.82
07/02/2025 10:02:59:618,Moved,578.75,696.75,0.00,1.00,26.82
07/02/2025 10:02:59:630,Moved,578.75,693,0.00,1.00,26.82
07/02/2025 10:02:59:654,Moved,577.5,674.25,0.00,1.00,26.82
07/02/2025 10:02:59:672,Moved,575,654.25,0.00,1.00,26.82
07/02/2025 10:02:59:681,Stationary,575,654.25,0.00,1.00,26.82
07/02/2025 10:02:59:698,Moved,571.25,631.75,0.00,1.00,26.82
07/02/2025 10:02:59:711,Moved,570,616.75,0.00,1.00,26.82
07/02/2025 10:02:59:726,Moved,565,583,0.00,1.00,26.82
07/02/2025 10:02:59:737,Moved,562.5,564.25,0.00,1.00,26.82
07/02/2025 10:02:59:748,Moved,561.25,545.5,0.00,1.00,26.82
07/02/2025 10:02:59:764,Moved,558.75,528,0.00,1.00,26.82
07/02/2025 10:02:59:778,Moved,553.75,491.75,0.00,1.00,26.82
07/02/2025 10:02:59:796,Moved,547.5,454.25,0.00,1.00,26.82
07/02/2025 10:02:59:804,Moved,545,434.25,0.00,1.00,26.82
07/02/2025 10:02:59:822,Moved,542.5,414.25,0.00,1.00,26.82
07/02/2025 10:02:59:838,Moved,537.5,374.25,0.00,1.00,26.82
07/02/2025 10:02:59:847,Moved,536.25,354.25,0.00,1.00,26.82
07/02/2025 10:02:59:864,Moved,533.75,333,0.00,1.00,26.82
07/02/2025 10:02:59:878,Moved,531.25,293,0.00,1.00,26.82
07/02/2025 10:02:59:888,Moved,528.75,274.25,0.00,1.00,26.82
07/02/2025 10:02:59:903,Moved,527.5,238,0.00,1.00,26.82
07/02/2025 10:02:59:915,Moved,525,219.25,0.00,1.00,26.82
07/02/2025 10:02:59:932,Moved,523.75,200.5,0.00,1.00,26.82
07/02/2025 10:02:59:950,Moved,520,164.25,0.00,1.00,26.82
07/02/2025 10:02:59:965,Moved,517.5,128,0.00,1.00,26.82
07/02/2025 10:02:59:977,Moved,516.25,110.5,0.00,1.00,26.82
07/02/2025 10:02:59:989,Moved,516.25,94.25002,0.00,1.00,26.82
07/02/2025 10:03:00:014,Moved,513.75,45.50002,0.00,1.00,26.82
07/02/2025 10:03:00:030,Moved,513.75,29.25002,0.00,1.00,26.82
07/02/2025 10:03:00:044,Moved,513.75,-0.7499838,0.00,1.00,26.82
07/02/2025 10:03:00:061,Moved,513.75,-15.74998,0.00,1.00,26.82
07/02/2025 10:03:00:074,Moved,516.25,-46.99998,0.00,1.00,26.82
07/02/2025 10:03:00:090,Moved,517.5,-61.99998,0.00,1.00,26.82
07/02/2025 10:03:00:107,Ended,518.75,-76.99998,0.00,1.00,26.82
07/02/2025 10:03:00:107,Ended,518.75,-77.00,0.00,1.00,26.82
07/02/2025 10:03:00:610,Moved,518.75,-77.00,0.00,1.00,32.89
07/02/2025 10:03:01:404,Began,592.5,668,0.00,1.00,32.89
07/02/2025 10:03:01:404,Began,592.50,668.00,0.00,1.00,32.89
07/02/2025 10:03:01:418,Moved,592.5,668,0.00,1.00,32.89
07/02/2025 10:03:01:431,Stationary,592.5,668,0.00,1.00,32.89
07/02/2025 10:03:01:451,Moved,593.75,659.25,0.00,1.00,32.89
07/02/2025 10:03:01:458,Stationary,593.75,659.25,0.00,1.00,32.89
07/02/2025 10:03:01:482,Moved,593.75,635.5,0.00,1.00,32.89
07/02/2025 10:03:01:502,Moved,593.75,611.75,0.00,1.00,32.89
07/02/2025 10:03:01:509,Stationary,593.75,611.75,0.00,1.00,32.89
07/02/2025 10:03:01:528,Moved,593.75,579.25,0.00,1.00,32.89
07/02/2025 10:03:01:548,Moved,595,539.25,0.00,1.00,32.89
07/02/2025 10:03:01:565,Moved,595,499.25,0.00,1.00,32.89
07/02/2025 10:03:01:580,Moved,595,479.25,0.00,1.00,32.89
07/02/2025 10:03:01:600,Moved,593.75,418,0.00,1.00,32.89
07/02/2025 10:03:01:612,Moved,592.5,395.5,0.00,1.00,32.89
07/02/2025 10:03:01:629,Moved,591.25,374.25,0.00,1.00,32.89
07/02/2025 10:03:01:647,Moved,587.5,329.25,0.00,1.00,32.89
07/02/2025 10:03:01:669,Moved,585,263,0.00,1.00,32.89
07/02/2025 10:03:01:675,Stationary,585,263,0.00,1.00,32.89
07/02/2025 10:03:01:695,Moved,582.5,223,0.00,1.00,32.89
07/02/2025 10:03:01:710,Moved,582.5,203,0.00,1.00,32.89
07/02/2025 10:03:01:724,Moved,577.5,164.25,0.00,1.00,32.89
07/02/2025 10:03:01:748,Moved,573.75,125.5,0.00,1.00,32.89
07/02/2025 10:03:01:762,Moved,570,86.75002,0.00,1.00,32.89
07/02/2025 10:03:01:772,Moved,567.5,68.00002,0.00,1.00,32.89
07/02/2025 10:03:01:785,Moved,565,49.25002,0.00,1.00,32.89
07/02/2025 10:03:01:799,Moved,561.25,13.00002,0.00,1.00,32.89
07/02/2025 10:03:01:812,Moved,560,-4.499984,0.00,1.00,32.89
07/02/2025 10:03:01:826,Moved,557.5,-20.74998,0.00,1.00,32.89
07/02/2025 10:03:01:843,Moved,555,-51.99998,0.00,1.00,32.89
07/02/2025 10:03:01:856,Ended,555,-51.99998,0.00,1.00,32.89
07/02/2025 10:03:01:856,Ended,555.00,-52.00,0.00,1.00,32.89
07/02/2025 10:03:02:360,Moved,555.00,-52.00,0.00,1.00,38.52
